CREATE DATABASE  IF NOT EXISTS `vacationsite` /*!40100 DEFAULT CHARACTER SET utf8mb4 COLLATE utf8mb4_0900_ai_ci */ /*!80016 DEFAULT ENCRYPTION='N' */;
USE `vacationsite`;
-- MySQL dump 10.13  Distrib 8.0.38, for Win64 (x86_64)
--
-- Host: localhost    Database: vacationsite
-- ------------------------------------------------------
-- Server version	8.0.39

/*!40101 SET @OLD_CHARACTER_SET_CLIENT=@@CHARACTER_SET_CLIENT */;
/*!40101 SET @OLD_CHARACTER_SET_RESULTS=@@CHARACTER_SET_RESULTS */;
/*!40101 SET @OLD_COLLATION_CONNECTION=@@COLLATION_CONNECTION */;
/*!50503 SET NAMES utf8 */;
/*!40103 SET @OLD_TIME_ZONE=@@TIME_ZONE */;
/*!40103 SET TIME_ZONE='+00:00' */;
/*!40014 SET @OLD_UNIQUE_CHECKS=@@UNIQUE_CHECKS, UNIQUE_CHECKS=0 */;
/*!40014 SET @OLD_FOREIGN_KEY_CHECKS=@@FOREIGN_KEY_CHECKS, FOREIGN_KEY_CHECKS=0 */;
/*!40101 SET @OLD_SQL_MODE=@@SQL_MODE, SQL_MODE='NO_AUTO_VALUE_ON_ZERO' */;
/*!40111 SET @OLD_SQL_NOTES=@@SQL_NOTES, SQL_NOTES=0 */;

--
-- Table structure for table `likes`
--

DROP TABLE IF EXISTS `likes`;
/*!40101 SET @saved_cs_client     = @@character_set_client */;
/*!50503 SET character_set_client = utf8mb4 */;
CREATE TABLE `likes` (
  `id` int NOT NULL AUTO_INCREMENT,
  `userId` int NOT NULL,
  `vacationId` int NOT NULL,
  PRIMARY KEY (`id`),
  KEY `userId_idx` (`userId`),
  KEY `vacationId_idx` (`vacationId`),
  CONSTRAINT `userId` FOREIGN KEY (`userId`) REFERENCES `users` (`id`) ON DELETE RESTRICT ON UPDATE RESTRICT,
  CONSTRAINT `vacationId` FOREIGN KEY (`vacationId`) REFERENCES `vacations` (`id`) ON DELETE RESTRICT ON UPDATE RESTRICT
) ENGINE=InnoDB AUTO_INCREMENT=214 DEFAULT CHARSET=utf8mb4 COLLATE=utf8mb4_0900_ai_ci;
/*!40101 SET character_set_client = @saved_cs_client */;

--
-- Dumping data for table `likes`
--

LOCK TABLES `likes` WRITE;
/*!40000 ALTER TABLE `likes` DISABLE KEYS */;
INSERT INTO `likes` VALUES (26,11,13),(27,11,1),(28,11,4),(29,11,7),(30,11,10),(31,11,15),(38,11,16),(39,11,19),(40,11,22),(44,15,1),(45,15,2),(46,15,4),(47,15,7),(48,15,10),(49,15,11),(50,15,12),(51,15,16),(52,15,18),(53,15,21),(54,15,22),(78,16,2),(79,16,4),(80,16,7),(81,16,11),(82,16,15),(83,16,16),(84,16,23),(88,18,4),(89,18,5),(90,18,8),(91,18,13),(92,18,18),(93,18,20),(96,19,1),(97,19,5),(98,19,7),(99,19,8),(100,19,10),(101,19,11),(102,19,13),(103,19,17),(104,19,20),(105,19,23),(122,20,1),(123,20,2),(124,20,5),(125,20,8),(126,20,10),(127,20,12),(128,20,13),(129,20,17),(130,20,18),(131,20,20),(132,20,22),(136,21,5),(137,21,9),(138,21,12),(139,21,15),(140,21,17),(141,21,18),(142,21,19),(143,21,20),(144,21,22),(162,22,1),(163,22,3),(164,22,5),(165,22,8),(166,22,10),(167,22,12),(168,22,15),(169,22,17),(170,22,18),(171,22,20),(172,22,21),(178,23,5),(179,23,8),(180,23,10),(181,23,12),(182,23,16),(183,23,17),(184,23,20),(185,23,23),(201,24,3),(202,24,5),(203,24,6),(204,24,8),(205,24,10),(206,24,11),(207,24,12),(208,24,16),(209,24,19),(210,24,20),(211,24,23);
/*!40000 ALTER TABLE `likes` ENABLE KEYS */;
UNLOCK TABLES;

--
-- Table structure for table `users`
--

DROP TABLE IF EXISTS `users`;
/*!40101 SET @saved_cs_client     = @@character_set_client */;
/*!50503 SET character_set_client = utf8mb4 */;
CREATE TABLE `users` (
  `id` int NOT NULL AUTO_INCREMENT,
  `firstName` varchar(100) NOT NULL,
  `lastName` varchar(100) NOT NULL,
  `email` varchar(100) NOT NULL,
  `password` varchar(500) NOT NULL,
  `role` varchar(50) NOT NULL,
  PRIMARY KEY (`id`),
  UNIQUE KEY `email_UNIQUE` (`email`),
  KEY `roleId_idx` (`role`)
) ENGINE=InnoDB AUTO_INCREMENT=26 DEFAULT CHARSET=utf8mb4 COLLATE=utf8mb4_0900_ai_ci;
/*!40101 SET character_set_client = @saved_cs_client */;

--
-- Dumping data for table `users`
--

LOCK TABLES `users` WRITE;
/*!40000 ALTER TABLE `users` DISABLE KEYS */;
INSERT INTO `users` VALUES (11,'Aharon','Tzarfati','tzarfat@gmail.com','daf034a47632549beb02ceedfce9df08f2fc325ac90b41ec40b43ba91457a5301fcc0881ec1824bf8879d4881ec26a9884f4971b86894f96db74eb92399fe517','User'),(15,'Tsofit','Tzarfati','tzofit_tzar@gmail.com','1cda5f54c3a75961dde8385ceecc5e825d3018d1fff9e8c8da95638f0d5cddb13427c56096f3be876a4ff66c0fd4f79876a77826adf6863cc11f90d633d37736','User'),(16,'Savion','Peer','peer@gmail.com','8e61ec58a3877e9dc2eb4a9becb573511bf8854bf6eb9efbf8b7791ddfafa939a65e0a452b4eb9409a6f1cfd6990892d5e2b456d6e7bac5f251400267fe7e2a8','User'),(18,'Bar','Cohen','barC@gmail.com','e263b13953085d6c9edcb2380bcca1722f72f8a9af3a046a67a12170661e57b9a8c4c3bdbf322c082979ddc938d33d74727dc64a64ca17966e0b93c069702951','User'),(19,'Shir','Levi','shir@gmail.com','0191ead82c40b46bf9ed0e34098e1a8c12d80b7d95bb13a1ab4027ce849d70c9dca2acbe93aca1297d876e4730a4ff7c04f1e4d0534ce9400aa4d9608a6613ad','User'),(20,'Itzhak','Shama','shama@gmail.com','dd97adbad6e81df82f8a4edb4a795c6f9cd33d5befffa7d3a398c5f0f9aa78377cdba4e8a5c0db3a54563b33ab97040cf2249133f930ef5a09b93b12ecf2bd6a','User'),(21,'Tzvi','Cohen','cohen@gmail.com','7983b355515a30cd69882005239d0bec4033a91a0be6a445488f34aac4c84ae2cb52ecc4449ca5c3decc73c827dce47a31774f25e4b33a3ea27df9949e699060','User'),(22,'Boris','Danichenko','danichenko@gmail.com','2f44f6c33c2bb22d52a62ffec5a4ee5ab7dc500b69c91d4a1ce888a35520c84e865196a20f84789aecddb31ef1cd7d613a521e9d38cd1a29740b6dc076fc40eb','User'),(23,'Adam','Weiss','adam@gmail.com','dd97adbad6e81df82f8a4edb4a795c6f9cd33d5befffa7d3a398c5f0f9aa78377cdba4e8a5c0db3a54563b33ab97040cf2249133f930ef5a09b93b12ecf2bd6a','Admin'),(24,'Tal','Berger','berger@gmail.com','dd97adbad6e81df82f8a4edb4a795c6f9cd33d5befffa7d3a398c5f0f9aa78377cdba4e8a5c0db3a54563b33ab97040cf2249133f930ef5a09b93b12ecf2bd6a','User');
/*!40000 ALTER TABLE `users` ENABLE KEYS */;
UNLOCK TABLES;

--
-- Table structure for table `vacations`
--

DROP TABLE IF EXISTS `vacations`;
/*!40101 SET @saved_cs_client     = @@character_set_client */;
/*!50503 SET character_set_client = utf8mb4 */;
CREATE TABLE `vacations` (
  `id` int NOT NULL AUTO_INCREMENT,
  `destination` varchar(100) NOT NULL,
  `description` varchar(2000) DEFAULT NULL,
  `startDate` date NOT NULL,
  `endDate` date NOT NULL,
  `price` decimal(8,2) NOT NULL,
  `imageName` varchar(50) DEFAULT NULL,
  PRIMARY KEY (`id`)
) ENGINE=InnoDB AUTO_INCREMENT=37 DEFAULT CHARSET=utf8mb4 COLLATE=utf8mb4_0900_ai_ci;
/*!40101 SET character_set_client = @saved_cs_client */;

--
-- Dumping data for table `vacations`
--

LOCK TABLES `vacations` WRITE;
/*!40000 ALTER TABLE `vacations` DISABLE KEYS */;
INSERT INTO `vacations` VALUES (1,'Excalibur Hotel & Casino, Las Vegas NV','Eco-certified Las Vegas resort in Las Vegas Strip with 15 restaurants 15 restaurants, 2 outdoor pools, and a casino are available at this resort. Other amenities include 8 bars/lounges, a fitness center, and a poolside bar. Excalibur Hotel & Casino offers 3981 accommodations with safes and hair dryers. Beds feature premium bedding. 42-inch Smart televisions come with premium satellite channels and pay movies. Business-friendly amenities include desks and phones. Additionally, rooms include irons/ironing boards and complimentary toiletries. Housekeeping is provided daily. 2 outdoor swimming pools and 4 spa tubs are on site. In addition to a seasonal outdoor pool, other recreational amenities include a waterslide, a sauna, and a fitness center. Guests under 18 years old are not allowed in the fitness facility.','2024-11-04','2024-11-14',1210.00,NULL),(2,'Bellagio, Las Vegas NV','Luxury spa resort, a quick walk to Fountains of Bellagio 18 restaurants, 5 outdoor pools, and a full-service spa are available at this resort. Additionally, a casino, 5 bars/lounges, and a fitness center are onsite. Bellagio offers 3933 accommodations with iPod docking stations and minibars. Pillowtop beds feature premium bedding. Business-friendly amenities include safes and phones. Bathrooms include showers, bathrobes, slippers, and complimentary toiletries. Additionally, rooms include hair dryers and irons/ironing boards. Housekeeping is offered daily and in-room massages can be requested. Cribs/infant beds (complimentary) are also available. 5 outdoor swimming pools and 4 spa tubs are on site. Other recreational amenities include a fitness center. Guests under 18 years old are not allowed in the fitness facility.','2025-03-18','2025-04-01',3022.00,NULL),(3,'Hilton Grand Vacations Club Elara Center Strip Las Vegas','Daily Resort Charge includes: Internet access: domestic long distance calls (30 min per day): DVDNow w/unlimited movies: 2 cups of coffee or 2 16oz bottles of water per day. GuestTek to stream media to TV from own device: 50% off Rodizio at local dining Pampas.Elara, Hilton Grand Vacations Hotel–Center Strip, the sleek 52-story tower is adjacent to the Planet Hollywood Resort & Casino complex and offers adjoining access to the 170+ shops and restaurants in the Miracle Mile. Just across the street, City Center and the Cosmopolitan complete the resort’s ideal access to the best of Las Vegas. A variety of accommodations from stylish studios to grand suites with 1- to 4- private bedrooms, state-of-the-art entertainment systems and full kitchens. A grand lobby overlooks a spectacular tropical pool, pool bar and private cabanas. Just a stroll away, Planet Hollywood offers a renowned casino, nine restaurants and Mandara Spa. Come discover why Elara, Hilton Grand Vacations Hotel–Center Strip is the best place to stay in Las Vegas!','2025-06-13','2025-06-30',2768.00,NULL),(4,'ARIA Resort & Casino, Las Vegas','Sporting magnificent modern architecture and top-tier dining, entertainment, pool and spa options, ARIA stands tall as a hip resort in the heart of the Strip. The vibe: Modern, gleaming and chic. Luxury on all levels What we love: ARIA Las Vegas opened at the end of 2009 and it still has that new car smell. The rooms are a tech lover\'s dream, featuring the latest gadgetry (keyless locks, personalized automation, etc.). Each room includes an in-room tablet where you\'ll have one-touch control of lighting, temperature, draperies, music, in-room dining and more. Simply put, you\'re the master of your domain at ARIA Las Vegas. Open year-round, the pool area at ARIA is like something out of the Garden of Eden. Three ellipse-shaped pools are spread across a palm tree-laden deck. Insider tips: Be an art lover. ARIA\'s got an impressive fine art collection, and you don\'t have to pay a museum admission cost to view it. Several pieces dot the property\'s indoor and outdoor public spaces. So spend the day exploring, it\'s totally worth it. Spend an afternoon at ARIA\'s Spa & Salon. There are some seriously unique amenities in here including a Shio salt room (its salt-infused air improves both your breathing and skin) and Ganbanyoku heated stone beds, which are unbelievably soothing to your muscles. Good to know: There isn\'t a bad room in the house. Since the price point is elevated here, why not just go all out and upgrade to one of the Sky Suites? With the one-bedroom penthouse, not only will you get postcard-worthy views and more flat-screen TVs than you\'d find in an electronics store, but you\'ll enjoy extras like limousine transport from the airport,','2025-09-20','2025-09-29',2444.00,NULL),(5,'Renaissance Residences Oahu Honolulu','Renaissance Residences Honolulu harmoniously blends bold, chic design motifs with Hawaiian narratives creating a captivating aesthetic deeply rooted in the essence of the land. Throughout the Residences, interior designs by renowned Hawaii Island designer and cultural custodian Sig Zane draws inspiration from the koa traditional Hawaiian family fishing grounds, embodying this nurturing spirit, cultivating growth, promoting well-being, and serving as a vibrant sanctuary where greatness flourishes. Renaissance Residences Honolulu unveil 112 thoughtfully designed studios, one and two bedroom homes within an avant-garde, chic environment, accompanied by luxurious amenities. Indulge in an array of distinctive onproperty dining experiences, luxuriate in a Japanese inspired spa, immerse yourself in the vibrant poolside ambiance, and embrace wellness at the state of the art fitness center.','2024-11-08','2024-11-16',2384.00,NULL),(6,'Alohilani Resort Waikiki Beach, Honolulu','Beach spa retreat walking distance from Kuhio Beach Park Catch some rays at the nearby beach or spend the day relaxing at \'Alohilani Resort Waikiki Beach\'s full-service spa. Then enjoy a meal at one of the resort\'s 5 restaurants. Housekeeping is available on request. \'Alohilani Resort Waikiki Beach offers 839 accommodations with laptop-compatible safes and complimentary bottled water. Rooms open to furnished lanais. Flat-screen televisions come with premium cable channels and pay movies. Rooms have partially open bathrooms. Bathrooms include designer toiletries, complimentary toiletries, and hair dryers. Guests can surf the web using the complimentary wireless Internet access. Business-friendly amenities include phones along with free local calls (restrictions may apply). Additionally, rooms include coffee/tea makers and irons/ironing boards. Microwaves, change of towels, and change of bedsheets can be requested. Housekeeping is provided on request. An outdoor pool and a spa tub are on site. Other recreational amenities include an outdoor tennis court and a fitness center. The recreational activities listed below are available either on site or nearby; fees may apply.','2025-01-25','2025-01-31',1890.00,NULL),(7,'Halepuna Waikiki by Halekulani, Honolulu','Luxury spa hotel, a short walk to Royal Hawaiian Center This smoke-free hotel features a full-service spa, an outdoor pool, and a restaurant. WiFi in public areas is free. Additionally, a 24-hour fitness center, a poolside bar, and a coffee shop/cafe are onsite. Housekeeping is available on request. Halepuna Waikiki by Halekulani offers 284 accommodations with safes and coffee/tea makers. Flat-screen televisions come with cable channels. Bathrooms include shower/tub combinations, bathrobes, slippers, and complimentary toiletries. This Honolulu hotel provides complimentary wireless Internet access. Business-friendly amenities include desk chairs and phones; free local calls are provided (restrictions may apply). Additionally, rooms include hair dryers and irons/ironing boards. A nightly turndown service is provided and housekeeping is offered daily. An outdoor pool and a spa tub are on site. Other recreational amenities include a 24-hour fitness center. The recreational activities listed below are available either on site or nearby; fees may apply.','2025-05-18','2025-05-31',4074.00,NULL),(8,'Hilton Hawaiian Village Waikiki Beach Resort, Honolul','Hilton Hawaiian Village Waikiki Beach Resort is located on 22 acres on the widest stretch of Waikiki Beach. Five swimming pools including the 10,000 square foot Super Pool. The resort offers a variety of restaurants and shops. Daily cultural activities include lei making and hula lessons. Morning exercise includes yoga and aerobics. The full-service Mandara Spa is open daily, access to the fitness center is complimentary. Water activities include on-site surfing lessons, snorkeling, stand-up paddle board, kayaking and catamaran sailing from our Port Hilton. Five towers on the tropical landscaped grounds feature a variety of guest rooms and suites offering stunning resort or oceanfront views. The Ali’i has its own private pool terrace and fitness center. The resort offers 150,000 square feet of indoor and outdoor meeting space, a U.S. Post Office and business center. Hilton Hawaiian Village is a non-smoking resort.','2025-10-08','2025-10-23',3603.00,NULL),(9,'Hilton Garden Inn Waikiki Beach, Honolulu','Daily Resort Charge includes: Wi-Fi; 3 daily credits for beach umbrellas, chairs, or 1-hour bodyboard/stand-up paddleboard rental; morning yoga classes; FIT Waikiki wellness center access; beach towels; sunscreen & after-sun lotion; tea kettles; International Market Place discounts. Hilton Garden Inn Waikiki Beach boasts a central Waikiki location, just two blocks from the ocean and beach. Set across the street from the International Market Place, this Waikiki hotel is convenient to a variety of shops, dining and entertainment, including Honolulu Zoo and Waikiki Aquarium. Our hotel is 25 minutes away from Pearl Harbor and 20 minutes from Honolulu International Airport (HNL).This hotel in Waikiki features a full-service restaurant serving a mix of international dishes and local favorites. If you’re in a hurry, our gourmet grab-and-go options are convenient and delicious. At the end of the day, relax by the 3rd floor rooftop pool. Keep fit in our two-room fitness center with separate cardio and weight areas. Splash in the outdoor pool set on the third floor.','2025-09-07','2025-09-13',20128.00,NULL),(10,'Mercure Paris Gare De Lyon TGV, Paris','Right by Gare de Lyon, the Mercure Paris Gare de Lyon TGV hotel is ideal for business travelers with its 5 meeting rooms and Co-working Station. Get a work out in at our fitness center or check out the Corner Station: our coffee shop with a private terrace. Recharge your batteries with our varied buffet or room service breakfast. Set off on a vibrant adventure in the heart of Paris!','2024-11-08','2024-11-15',900.00,NULL),(11,'Novotel Paris 14 Porte d\'Orléans, Paris','The recently refurbished Novotel Paris 14 offers great views of Paris from the Executive Rooms and Suites. Rooms are completely soundproofed with upscale bedding for a good night\'s sleep, and each has a panoramic photo of the Paris rooftops. The hotel has 4 meeting rooms and a mezzanine workspace, and you can also relax in the lounge bar, restaurant and fitness room.','2025-01-19','2025-01-31',1134.00,NULL),(12,'Leonardo Boutique Hotel Paris Opera, Paris','Upscale hotel, a quick walk to Grands Boulevards Along with a 24-hour fitness center, this smoke-free hotel has a bar/lounge and concierge services. WiFi in public areas is free. Additionally, dry cleaning, laundry facilities, and a 24-hour front desk are onsite. Leonardo Boutique Hotel Paris Opera offers 59 accommodations with espresso makers and safes. Flat-screen televisions come with satellite channels. Bathrooms include shower/tub combinations, complimentary toiletries, and hair dryers. Guests can surf the web using the complimentary wireless Internet access. Business-friendly amenities include desks and phones. Housekeeping is provided daily. Recreational amenities at the hotel include a 24-hour fitness center. The recreational activities listed below are available either on site or nearby; fees may apply.','2025-03-15','2025-03-21',1416.00,NULL),(13,'Novotel Paris Centre Bercy, Paris','You\'ll get a warm welcome at the Novotel Paris Centre Bercy, opposite the Accor Arena and next to Bercy park. The hotel has been fully restyled, with modern and comfortable rooms to suit all needs, and 7 naturally lit and modular, smart lounges for your events. The Paris Bercy restaurant serves bistro cuisine in a bright and spacious dining room, and you\'ll find platters and cocktails at the bar.','2025-07-22','2025-07-28',934.00,NULL),(15,'Maison Maneli Luxury B&B, Rome','While you\'re here, you can enjoy all the comforts of home and more, including a refrigerator and free WiFi, as well as a flat-screen TV and a garden. Other amenities include towels, kitchenware and utensils, a desk, and luggage storage.','2024-12-15','2024-12-28',1261.00,NULL),(16,'La Griffe Hotel Roma, Rome','La Griffe Roma MGallery Collection is in the heart of Rome, within a 5-minute walk of Piazza della Repubblica and Teatro dell\'Opera di Roma. Featured amenities include a business center, limo/town car service, and express check-in. Event facilities at this hotel consist of a conference center and a meeting room. A roundtrip airport shuttle is provided for a surcharge (available 24 hours).','2025-02-02','2025-02-15',1307.00,NULL),(17,'Flaminio Village Bungalow Park, Rome','Family-friendly Rome campground in Tor di Quinto with free parking Along with a restaurant, this smoke-free campground has 2 bars/lounges and a poolside bar. Free WiFi in public areas and free self parking are also provided. Other amenities include 3 coffee shops/cafes, a snack bar/deli, and a seasonal outdoor pool. All accommodations are soundproofed and offer free WiFi and free bottled water. Guests will also find flat-screen TVs, refrigerators, and Egyptian cotton sheets. Housekeeping is available on request. Flaminio Village Bungalow Park - Campground offers 90 air-conditioned accommodations with complimentary bottled water and complimentary toiletries. Beds feature Egyptian cotton sheets. Flat-screen televisions are featured in guestrooms. Bathrooms include bathtubs or showers with rainfall showerheads. Guests can surf the web using the complimentary wireless Internet access. Housekeeping is provided on request. A children\'s pool and a seasonal outdoor pool are on site. Children under 10 years old are not allowed in the swimming pool without adult supervision. The recreational activities listed below are available either on site or nearby; fees may apply.','2025-05-09','2025-09-19',839.00,NULL),(18,'c-hotels Club House Roma, Rome','Upscale hotel near Vatican Museums Along with a bar/lounge, this smoke-free hotel has a snack bar/deli and a coffee shop/cafe. WiFi in public areas is free. Other amenities include self parking, concierge services, and a 24-hour front desk. C-hotels Club House Roma offers 108 accommodations with minibars and safes. These individually decorated and furnished accommodations include desks. Flat-screen televisions come with satellite channels. Bathrooms include bathtubs or showers, bidets, complimentary toiletries, and hair dryers. Guests can surf the web using the complimentary wireless Internet access. Housekeeping is provided daily.','2025-08-16','2025-08-25',808.00,NULL),(19,'Viajero, Miami','Adults-only Miami Beach hostel in South Beach with a 24-hour front desk Along with a restaurant, this smoke-free hostel has a bar/lounge and coffee/tea in a common area. WiFi in public areas is free. Other amenities include concierge services, a 24-hour front desk, and tour/ticket assistance. Bathrooms are shared and housekeeping is available on request. Viajero Miami offers 54 accommodations with iPod docking stations and irons/ironing boards. Beds feature pillowtop mattresses. Guests can surf the web using the complimentary wired and wireless Internet access (speed: 250+ Mbps (good for 3–5 people or up to 10 devices)). Guests have access to shared bathrooms. Bathrooms include showers with rainfall showerheads. Change of towels and change of bedsheets can be requested. Housekeeping is provided daily. The recreational activities listed below are available either on site or nearby; fees may apply.','2024-11-22','2024-12-03',1339.00,NULL),(20,'Fontainebleau Miami Beach, Miami','Beach spa retreat walking distance from Fontainebleau Catch some rays at the beach or spend the day relaxing at Fontainebleau Miami Beach\'s full-service spa. Then enjoy a meal at one of the hotel\'s 9 restaurants. Housekeeping is available once per stay. Fontainebleau Miami Beach offers 1504 accommodations with iPod docking stations and minibars. Beds feature premium bedding. Flat-screen televisions come with premium satellite channels and pay movies. Bathrooms include bathrobes, complimentary toiletries, and hair dryers. This Miami Beach hotel provides complimentary wireless Internet access. Business-friendly amenities include desks and safes. Additionally, rooms include irons/ironing boards and blackout drapes/curtains. Housekeeping is offered once per stay and hypo-allergenic bedding can be requested. Housekeeping is provided on a limited basis. An outdoor pool, a children\'s pool, and a spa tub are on site. Other recreational amenities include a sauna and a fitness center. The recreational activities listed below are available either on site or nearby; fees may apply.','2025-06-23','2025-06-26',1816.00,NULL),(21,'Barceló Sants, Barcelona','In terms of safety against viral diseases including COVID19 we have adapted our prevention and hygiene procedures to ensure the atmost safety and wellbeing of our guests staff and suppliers at all our hotelsFor your study and development we have constituted a Technical Commission whose aim is for us to enjoy the return to the activity with maximum safetyWe have created the program for this purpose We care about you which includes a sizing plan to ensure you enjoy your next stay at any of our hotels in complete tranquility.A unique stay in a modern hotel with futuristic designAt the Barcelo Sants the futuristic cutting-edge design resembles a space station allowing guests to imagine themselves on an intergalactic trip','2024-11-08','2024-11-18',1095.00,NULL),(22,'Barcelona Princess, Barcelona','Situated in Barcelona, Hotel Barcelona Princess offers trendy 4-star accommodation, as well as a swimming pool and a sauna. It also provides free wireless internet. Guests can enjoy the sun on the terrace or have a drink at the bar. Staff are available 24 hours a day and can book tours and tickets. Hotel Barcelona Princess provides 363 air conditioned rooms. The private bathroom includes complimentary toiletries in addition to slippers and a hair dryer. Guests of Hotel Barcelona Princess are welcome to sample local cuisine at Restaurant N1, or try Mediterranean dishes at Restaurant Estrella. There is also a range of breakfast options available each day. Barcelona El Prat Airport is a 30-minute drive from the hotel. It is within a 20-minute stroll of Selva de Mar Metro Station, which allows for convenient access in and around Barcelona.','2025-04-20','2025-04-26',666.00,NULL),(23,'Sallés Hotel Pere IV, Barcelona','Upscale spa hotel near Sagrada Familia Along with a full-service spa, this smoke-free hotel has an indoor pool and a restaurant. WiFi in public areas is free. Additionally, a fitness center, a bar/lounge, and a sauna are onsite. Sallés Hotel Pere IV offers 195 accommodations with minibars and safes. 49-inch plasma televisions come with cable channels. Bathrooms include bathtubs or showers, bathrobes, complimentary toiletries, and hair dryers. Guests can surf the web using the complimentary wireless Internet access. Housekeeping is offered daily and irons/ironing boards can be requested. Recreational amenities at the hotel include an indoor pool, a sauna, and a fitness center. Children under 16 years old are not allowed in the swimming pool, fitness facility, or spa tub without adult supervision. The recreational activities listed below are available either on site or nearby; fees may apply.','2025-07-20','2025-07-31',1114.00,NULL);
/*!40000 ALTER TABLE `vacations` ENABLE KEYS */;
UNLOCK TABLES;
/*!40103 SET TIME_ZONE=@OLD_TIME_ZONE */;

/*!40101 SET SQL_MODE=@OLD_SQL_MODE */;
/*!40014 SET FOREIGN_KEY_CHECKS=@OLD_FOREIGN_KEY_CHECKS */;
/*!40014 SET UNIQUE_CHECKS=@OLD_UNIQUE_CHECKS */;
/*!40101 SET CHARACTER_SET_CLIENT=@OLD_CHARACTER_SET_CLIENT */;
/*!40101 SET CHARACTER_SET_RESULTS=@OLD_CHARACTER_SET_RESULTS */;
/*!40101 SET COLLATION_CONNECTION=@OLD_COLLATION_CONNECTION */;
/*!40111 SET SQL_NOTES=@OLD_SQL_NOTES */;

-- Dump completed on 2024-11-24 13:06:23
